DATE,VALUE
2013-11-06,8733.0
2013-11-11,8746.0
2013-11-25,8811.0
2013-12-02,8842.0
2013-12-09,8872.0
2013-12-16,8904.0
2013-12-24,8941.0
2013-12-30,8968.0
2014-01-06,9002.0
2014-01-13,9032.0
2014-01-20,9064.0
2014-01-27,9088.0
2014-02-03,9115.0
2014-02-17,9181.0
2014-03-06,9250.0
2014-03-24,9319.0
2014-03-31,9345.0
2014-04-30,9414.0
2014-06-02,9450.0
2014-07-01,9457.0
2014-08-01,9465.0
2014-08-26,9472.0
2014-09-01,9473.0
2014-10-01,9479.0
2014-10-23,9504.0
2014-10-31,9520.0
2014-12-01,9606.0
2014-12-31,9700.0
2015-02-02,9800.0
2015-03-02,9905.0
2015-04-01,9973.0
2015-04-30,10016.0
2015-06-01,10027.0
2015-07-01,10036.0
2015-08-03,10049.0
2015-09-03,10059.0
2015-10-05,10072.0
2015-11-02,10132.0
2020-01-02,1132.0
